{
	"status": "OK",
	"validationQuality": 0.6452306366826448,
	"testingQuality": 0.6360638563673069
}
